time,haccel_var,vaccel_var,haccel_trapz_int1,RUL
0,0.2903217640527306,0.1770445201226065,8.490859024711785e-05,8700
10,0.2556986325169744,0.18836187885877664,8.711311047569212e-05,8690
20,0.2942933284876905,0.2043774221129775,8.636446987868548e-05,8680
30,0.2648212775278429,0.22455495057578645,8.065172682093808e-05,8670
40,0.23589337076006256,0.20929760733623975,8.034337829245761e-05,8660
50,0.2482411503210177,0.21916911010022835,8.337469667310139e-05,8650
60,0.2907386466684679,0.2294495713472976,8.040574627758541e-05,8640
70,0.17049579767960507,0.16807058259512994,6.896455547633279e-05,8630
80,0.12682393997594274,0.19349532922772567,5.169745365855702e-05,8620
90,0.11527453641498142,0.20277065646737005,5.352056451470474e-05,8610
100,0.14416686890325808,0.1973034626019685,4.985280645028678e-05,8600
110,0.25447957290384426,0.22791150698515045,7.68180311847822e-05,8590
120,0.26303673167008595,0.2616499214779637,7.626888193972987e-05,8580
130,0.21091323856593766,0.2384418208675264,7.229285652662882e-05,8570
140,0.19673530269865547,0.2238201254748864,6.965618286161162e-05,8560
150,0.22017222942555686,0.24955023357207398,7.480763737764807e-05,8550
160,0.1639899342112092,0.21439287845838215,6.276427907893486e-05,8540
170,0.14391163151560668,0.21679938275922606,4.969680282484086e-05,8530
180,0.1202144541677352,0.21397588517105684,5.04027136047009e-05,8520
190,0.12115369182236715,0.26231776708675264,5.4997912412763475e-05,8510
200,0.13468088236615866,0.25823714618991794,5.297320640809766e-05,8500
210,0.114814248610297,0.24415085863374364,5.507459482719304e-05,8490
220,0.1297529276517927,0.24834902504503106,5.054738500241521e-05,8480
230,0.16457719858449954,0.2466891892339232,4.902461853335096e-05,8470
240,0.11713922820056052,0.2437310235075652,4.952626937885684e-05,8460
250,0.1241016142414029,0.26075044880751763,5.3906803926378134e-05,8450
260,0.13519557298688453,0.2700296879077215,5.4620918483132645e-05,8440
270,0.10230238214863596,0.2391564316076531,5.098255389416418e-05,8430
280,0.1186813442360297,0.2858847159154882,5.34516163847536e-05,8420
290,0.107330840757956,0.28404315408301584,5.535210044289271e-05,8410
300,0.1150860123821561,0.27430458501306665,5.6601384188006016e-05,8400
310,0.11621087186400934,0.2572302231204511,5.616345975582435e-05,8390
320,0.10938817891495092,0.2632012313157911,5.5376190300763916e-05,8380
330,0.12815173581232905,0.28595871345984764,5.338564538236892e-05,8370
340,0.1100734446706172,0.2841538466806797,5.8086125916115065e-05,8360
350,0.10831880819518734,0.2697820903667204,5.297891120103769e-05,8350
360,0.121633524851016,0.2798859859001013,5.381441268468605e-05,8340
370,0.16458029056699394,0.6157349131006679,4.5943354762653245e-05,8330
380,0.1155986310691127,0.2738114932003163,5.355245003495301e-05,8320
390,0.1263259425746141,0.3063258529905175,5.354041755829073e-05,8310
400,0.11153229089594932,0.2737183004536685,5.742429815372852e-05,8300
410,0.110924847265625,0.27596196023089464,5.276824964557049e-05,8290
420,0.1193342875511369,0.27780911398739744,5.375621092373089e-05,8280
430,0.10503445051030064,0.2794076231340367,5.441062561455996e-05,8270
440,0.09923134236457112,0.2673230361650975,5.5061052030454164e-05,8260
450,0.10759744355644296,0.2680282220294793,5.494833240140888e-05,8250
460,0.12873078763127688,0.2873847531988814,5.193328543982146e-05,8240
470,0.12336137160756155,0.2795891425697294,6.007078366517557e-05,8230
480,0.11159386955338386,0.26089087924833304,5.417252035878581e-05,8220
490,0.10811813119809982,0.2898439421624658,5.3662363956562895e-05,8210
500,0.10522875976196146,0.2488317063609747,5.5257984662633165e-05,8200
510,0.125966154738179,0.27396606740899154,5.2484258059693346e-05,8190
520,0.12511022578995093,0.26422221023089465,5.2643247921926096e-05,8180
530,0.11329927010306763,0.2807718678302987,5.525745557810981e-05,8170
540,0.10814918789016706,0.2757563477823369,5.617638267854954e-05,8160
550,0.1445763341086301,0.3583084482121923,5.25293335733642e-05,8150
560,0.12601882268220008,0.28525050060997953,5.829844977515288e-05,8140
570,0.11934209740361836,0.2929944353165299,5.8193635420011255e-05,8130
580,0.12254416271004298,0.3490230736396053,5.326553649914624e-05,8120
590,0.1286466738569754,0.28344182950127,5.931002154486303e-05,8110
600,0.14649990713764532,0.5587503395795171,5.2141044995323854e-05,8100
610,0.15148809724242254,0.44521289682111537,5.1272363541567746e-05,8090
620,0.10752300576335973,0.2762089575395662,5.361004238315281e-05,8080
630,0.11763960687020684,0.3240540552925948,5.06251458741136e-05,8070
640,0.1242450398373388,0.2827147391484405,5.41843773468742e-05,8060
650,0.12115050764397715,0.261720025,5.797032060454483e-05,8050
660,0.14446719505895247,0.5376603216525927,5.3007769727134417e-05,8040
670,0.1560997187860248,0.547382294079108,4.55132470400351e-05,8030
680,0.1714388885086948,0.6555195659069399,4.897498042580899e-05,8020
690,0.1673861706568728,0.6799952305586593,4.476760181621743e-05,8010
700,0.12813249546697927,0.4210802598474441,5.0590943481204745e-05,8000
710,0.10548192744663444,0.2558374899361017,5.408630560541402e-05,7990
720,0.10983325634036734,0.2571862175188977,5.350178829248209e-05,7980
730,0.11770083648260428,0.2956899103531653,5.45349491215108e-05,7970
740,0.12569172741289933,0.2629261838973659,5.304777807171884e-05,7960
750,0.11612221421881108,0.3001398802700029,5.6527341899885434e-05,7950
760,0.11803987729337632,0.31262411609454377,5.6533691082256555e-05,7940
770,0.10950600014593104,0.2845053881055527,5.317504140403155e-05,7930
780,0.1273407600550447,0.545677950410164,5.052721312010674e-05,7920
790,0.12860331788403062,0.2873803871574589,5.3590957182249484e-05,7910
800,0.11551376539770784,0.27707837604960434,5.3115588550168374e-05,7900
810,0.11768928048004593,0.2875855215605461,5.158545779772254e-05,7890
820,0.11289355086688525,0.26885534662816896,5.4679247501771115e-05,7880
830,0.11183227381896617,0.2903530415077606,5.4826924981710685e-05,7870
840,0.10905236087689894,0.2702787698099844,5.6206078306936216e-05,7860
850,0.11923139208049408,0.25551205331535143,4.965020637327946e-05,7850
860,0.11731601523971764,0.2920131044102921,5.3670169762299154e-05,7840
870,0.13060376919695196,0.3894852339170575,5.255263113788385e-05,7830
880,0.11868213762944507,0.2885601707818911,5.111924765798411e-05,7820
890,0.14084296391031045,0.8004636824197379,4.807130885615971e-05,7810
900,0.1244337709652208,0.29113350785218833,5.467001777338368e-05,7800
910,0.10696378755800606,0.27084962739213925,5.3649832560313504e-05,7790
920,0.12106537750326665,0.3003112909643354,5.706686496915634e-05,7780
930,0.11812391070730754,0.2751620773245164,5.3628584582828585e-05,7770
940,0.13285930317247335,0.6336933327555625,4.73967952194438e-05,7760
950,0.1173495894048884,0.30187543348704937,5.4572135330951535e-05,7750
960,0.1185942215646676,0.541847658979185,4.933724963817794e-05,7740
970,0.13878530397555194,0.6932452523422236,4.553911981430897e-05,7730
980,0.11730304552559592,0.2900268204126368,5.274724267056081e-05,7720
990,0.1120386456568728,0.3053195218811059,5.507429375677025e-05,7710
1000,0.11918776552364205,0.3215517540163089,5.5429884990903274e-05,7700
1010,0.10731537071350504,0.2988823383151378,5.207477729498164e-05,7690
1020,0.12289609666724675,0.2768436872250818,5.244895429615161e-05,7680
1030,0.1233769491242612,0.3009229925599599,5.77596092111296e-05,7670
1040,0.11848698198744018,0.2866247363592651,5.248657380802096e-05,7660
1050,0.11492361265860075,0.3860429198965356,5.179964925794085e-05,7650
1060,0.10769425494333723,0.2805558306368149,5.034714611418375e-05,7640
1070,0.11148375733181294,0.2912001840465025,5.489199877520274e-05,7630
1080,0.12773636998766608,0.4098082479482647,5.414926263095318e-05,7620
1090,0.10882827736420478,0.2863657570729228,5.612713891510388e-05,7610
1100,0.12345853759998413,0.30608358243210243,5.3323681686760965e-05,7600
1110,0.108390995793645,0.28906231233376684,5.584560360105874e-05,7590
1120,0.09304617699769807,0.2726879714237739,5.119800774390459e-05,7580
1130,0.12013758516754593,0.32445476571032994,5.528252061401122e-05,7570
1140,0.10556385910267682,0.3077857219366696,5.151490079565455e-05,7560
1150,0.1067572194911037,0.2524380152305588,5.4353347007249764e-05,7550
1160,0.14693198748534586,0.8754128665885111,4.759708437011155e-05,7540
1170,0.13094690259119166,0.6554489408924384,4.993207628735211e-05,7530
1180,0.10548444861273937,0.27119372516363816,5.612432720195013e-05,7520
1190,0.13722736715254372,0.5282240564537845,4.998867973489416e-05,7510
1200,0.1272283814911831,0.4661748656677414,4.88228664849456e-05,7500
1210,0.11219126173309887,0.2889017400643257,5.366515400476713e-05,7490
1220,0.15589259609329206,0.6839500636355449,4.71061620923099e-05,7480
1230,0.14558981312951835,0.4113042718340905,5.152388574400894e-05,7470
1240,0.12039319661473598,0.3011799521417973,5.2484689107934616e-05,7460
1250,0.11495882531262212,0.24910275104029286,5.303235206412378e-05,7450
1260,0.1347238610771725,0.5732252986493748,4.90685038230265e-05,7440
1270,0.19926310993979585,1.8642546931893256,3.884742270211673e-05,7430
1280,0.11243206329071416,0.2836795035217309,5.425961074753418e-05,7420
1290,0.1316349604331526,0.3991911941797027,4.959726820104602e-05,7410
1300,0.13508960099144562,0.37650579763686376,5.0300782874634446e-05,7400
1310,0.1078091094835324,0.3013609776255373,5.2514684383968156e-05,7390
1320,0.1058434230960275,0.29818204856862424,5.0937514783452204e-05,7380
1330,0.11971751139345813,0.3998616590654308,5.3321342542514976e-05,7370
1340,0.18410679167643607,0.990001798202423,4.179283972140016e-05,7360
1350,0.100205229044396,0.2673843181687182,5.479899400571859e-05,7350
1360,0.1542707476254152,1.1513809548401477,4.132456955707948e-05,7340
1370,0.11713507126807347,0.3021503140739486,5.6748207303143895e-05,7330
1380,0.10997722725780948,0.2809854289381533,5.470366469097599e-05,7320
1390,0.09641359436303244,0.2670534926483429,5.4792074663568344e-05,7310
1400,0.0977248675208822,0.2717160558073222,4.870376132738865e-05,7300
1410,0.10390626365752613,0.2903517198515045,5.6576773832694214e-05,7290
1420,0.10990466939234077,0.26476765429611177,5.288715676158501e-05,7280
1430,0.1358167979581868,0.4611137857995067,4.88928426332531e-05,7270
1440,0.16473583635560154,0.5957953725049764,4.487255907182663e-05,7260
1450,0.21336595683723505,2.3084506932371043,3.910993967004824e-05,7250
1460,0.09907675946643586,0.2464472022382705,5.2810174029591706e-05,7240
1470,0.2821812955982561,2.779891465149808,3.654636602493621e-05,7230
1480,0.10593634930087437,0.2577146688159437,5.6480292266161754e-05,7220
1490,0.19371870413476336,1.4295673531109565,3.803147664644802e-05,7210
1500,0.1089064000828876,0.2560063737635551,5.066269253725807e-05,7200
1510,0.10834838529699102,0.2761769181711606,4.950191928374774e-05,7190
1520,0.1606150782274265,0.4932116262401084,4.115377521008041e-05,7180
1530,0.17904316850087926,1.1540717175921684,4.075865861047832e-05,7170
1540,0.15145792516592788,0.4326219406077508,5.05647307570652e-05,7160
1550,0.14486427891739326,0.6043334996483003,4.537976491166624e-05,7150
1560,0.10625668414160194,0.4929923357018123,4.56644026389729e-05,7140
1570,0.14657180302226822,0.5877392152794061,4.2149026651749986e-05,7130
1580,0.14435111733327838,0.6923792311313929,4.362877848025625e-05,7120
1590,0.11015116363569752,0.290691606281598,5.1646964932376e-05,7110
1600,0.1185111755188489,0.5432858349355217,4.718174606098738e-05,7100
1610,0.10245408169557813,0.2602690802828253,4.9821607144126285e-05,7090
1620,0.11405524479227724,0.41166368288989225,4.397914354995825e-05,7080
1630,0.11555940291480435,0.3494415452911293,5.043517613772889e-05,7070
1640,0.1477822229575762,0.5255072018757326,4.4671935984467625e-05,7060
1650,0.2601590179660023,1.6480163235197771,3.446151279030648e-05,7050
1660,0.10896298182639702,0.27290124757824713,4.731479812101834e-05,7040
1670,0.12093091343725575,0.33986930308943314,4.839440016944431e-05,7030
1680,0.11868686955292596,0.3680766326407716,4.84848043849195e-05,7020
1690,0.11432145555499584,0.2769370682877833,4.872042759404029e-05,7010
1700,0.11815470132238545,0.27192503229884113,5.036114265603304e-05,7000
1710,0.1554013634951092,0.9047726117471424,4.0839812567852935e-05,6990
1720,0.11202737425126394,0.26958628017780384,4.712129207104071e-05,6980
1730,0.12712514786049234,0.2949631275864596,4.865483499321566e-05,6970
1740,0.11891704153829012,0.37483920548493066,4.6486450964330015e-05,6960
1750,0.1366923321848134,0.8459287590475709,4.290976422875341e-05,6950
1760,0.11048827129493943,0.3236452332918132,4.870985729202331e-05,6940
1770,0.10929177694839294,0.4478394595690151,4.9863113299232016e-05,6930
1780,0.1033183770147946,0.2656124176910842,4.923127659789929e-05,6920
1790,0.1121157146291276,0.2602574144587729,4.7247781085104355e-05,6910
1800,0.10098968114436792,0.2619484038632034,5.0393400051236716e-05,6900
1810,0.16258071008206335,0.69958450242389,4.3435349418196525e-05,6890
1820,0.10815360592501344,0.2571221891056993,4.842726516077912e-05,6880
1830,0.11253373958577567,0.27730642184385984,4.735299528598597e-05,6870
1840,0.1030201562616012,0.2525053158812952,4.756309517891497e-05,6860
1850,0.12174380579266805,0.6039734794450956,4.09777457223149e-05,6850
1860,0.11355291328644,0.32682330002930826,4.745988993521219e-05,6840
1870,0.10189657227860004,0.26217825801567385,5.0000861950901864e-05,6830
1880,0.1079991291953644,0.2578180096532764,4.785734288115977e-05,6820
1890,0.11094068829849918,0.2644520136033363,4.680157979177671e-05,6810
1900,0.11273798935970472,0.2665222397114046,4.745938464886034e-05,6800
1910,0.16858475322254174,1.0969950961861021,4.0414337639810665e-05,6790
1920,0.17698011908811426,1.1638869947536574,4.156331468112266e-05,6780
1930,0.13183231304327253,0.7321802627233234,4.26887998688087e-05,6770
1940,0.10025912070007206,0.2572916965587144,4.844879153272616e-05,6760
1950,0.12285879300446953,0.2621721524568618,5.017999766300277e-05,6750
1960,0.1107305228214146,0.2758302616071646,4.5986837889206954e-05,6740
1970,0.10712113833513458,0.2764199561327667,5.195180995273993e-05,6730
1980,0.1313971863856731,0.4706911003022422,4.452365817568291e-05,6720
1990,0.12023654150653945,0.3224675050726297,4.9473017245484756e-05,6710
2000,0.10312432942311447,0.24359635707063304,4.857910039241123e-05,6700
2010,0.1640914042471119,1.3261378927399314,3.8285057338396506e-05,6690
2020,0.1938130671916215,1.4309679845274947,4.3072832698694316e-05,6680
2030,0.1047550905063929,0.2550563360368735,4.954273552007368e-05,6670
2040,0.1064834855803048,0.2583165033118406,4.561228491374866e-05,6660
2050,0.11609093484378052,0.5223149796000329,4.343030651403941e-05,6650
2060,0.1005196374993894,0.2455071043948747,4.587212496251604e-05,6640
2070,0.10966195042481804,0.2506354800678976,5.237389147287514e-05,6630
2080,0.11714605518375708,0.5046323778329853,4.465583460728361e-05,6620
2090,0.10479039412307052,0.2526129636943142,4.851048907584935e-05,6610
2100,0.10342202104322366,0.2708459373313245,4.834228951458164e-05,6600
2110,0.11031148040601188,0.2769183178676973,4.8733451650261416e-05,6590
2120,0.12356751591426705,0.5681570089962814,4.512395675319253e-05,6580
2130,0.1249130821603898,0.5462328796349892,4.468076063707338e-05,6570
2140,0.11676666455997828,0.2707854176411684,4.589905269337366e-05,6560
2150,0.1091827033777843,0.2547992408287844,4.5780896346441994e-05,6550
2160,0.12212004393745116,0.2652114629431357,4.863476564029555e-05,6540
2170,0.09574831047146712,0.2398105363789566,4.653331806399987e-05,6530
2180,0.1787417815455256,0.8709038120956368,3.765927678160565e-05,6520
2190,0.10443537967574612,0.24804436502769026,4.463377947157957e-05,6510
2200,0.10018568278853436,0.24910061911864376,4.7508683195856706e-05,6500
2210,0.10648911440992576,0.253760965550508,4.218526138405149e-05,6490
2220,0.1602716087019771,0.8829033473327901,3.891066962997641e-05,6480
2230,0.09726965198060156,0.2497633825493357,4.572204390881778e-05,6470
2240,0.09702065198792864,0.2690630073330342,4.8122813320876614e-05,6460
2250,0.10154298444689698,0.2553992354971119,4.536664041002175e-05,6450
2260,0.11440806584359126,0.29541484834835385,4.370331994488532e-05,6440
2270,0.1016720768914554,0.25006285300349257,4.818631138627485e-05,6430
2280,0.19974100101602188,1.5639370765067837,3.63350570183883e-05,6420
2290,0.17418236997789666,1.009622224110981,3.859109694170374e-05,6410
2300,0.10866384134427512,0.2609058147713951,4.642596366634949e-05,6400
2310,0.1902080979972645,1.0735607500059534,3.736155016997422e-05,6390
2320,0.11018681481047284,0.268498849691652,4.604338390005369e-05,6380
2330,0.10474857721995286,0.2397240082454084,4.345227543340486e-05,6370
2340,0.1420625347248681,0.7654284297357367,4.184902722352504e-05,6360
2350,0.17462338912661196,1.0591233372653808,3.564401332208333e-05,6350
2360,0.11020534277000296,0.26894820617428683,4.673410401512477e-05,6340
2370,0.13912320591783905,0.5690217749107012,4.327906436186911e-05,6330
2380,0.13710324635462462,0.4903476204321757,4.307201170038053e-05,6320
2390,0.1373302251024265,0.5277795223817898,4.132929969715377e-05,6310
2400,0.20958595204898764,1.3157671323501303,3.620982447288904e-05,6300
2410,0.2295784883835239,2.0398548506197494,3.843935105015248e-05,6290
2420,0.10585705204914027,0.2304054582789908,4.389934847013877e-05,6280
2430,0.10699717008536047,0.2381902258192592,4.506526535668069e-05,6270
2440,0.12679823418266412,0.5422870187376355,4.098168605854488e-05,6260
2450,0.09696592908301584,0.2228107802553488,4.5250025642701364e-05,6250
2460,0.1497887443282288,0.7818389700137688,3.6772382018497226e-05,6240
2470,0.107956177790244,0.2632454191090269,4.669056333699175e-05,6230
2480,0.10126380637440774,0.2373045397431553,4.4152816773940305e-05,6220
2490,0.09815046487336364,0.3436758199241647,4.7154487217858285e-05,6210
2500,0.1014746221082454,0.2457167586091674,4.88620494040124e-05,6200
2510,0.1091313685033216,0.2446145981705195,4.790169043893046e-05,6190
2520,0.1016551901791166,0.2273400162606243,4.292632288268633e-05,6180
2530,0.10336962313403672,0.2282035931416997,4.5788426932787764e-05,6170
2540,0.11483734601391535,0.2604700962528088,4.0396215586106656e-05,6160
2550,0.11561437198124268,0.3377803941503945,4.1872796828700124e-05,6150
2560,0.1088351870357989,0.2252251104337632,4.4210794405142625e-05,6140
2570,0.0943361044786782,0.2375031947043523,4.436196796648475e-05,6130
2580,0.13602687563440308,0.5805323128112483,4.218999302332976e-05,6120
2590,0.11614339867853042,0.2974090502147751,4.3624422629628737e-05,6110
2600,0.10371370718405017,0.2274842791701776,4.385779789681908e-05,6100
2610,0.1016066672308519,0.391217578637743,4.7992435513618594e-05,6090
2620,0.19274309620701446,1.339045050369865,3.6947440852235275e-05,6080
2630,0.10560537826299336,0.2933620797180296,4.49625656422541e-05,6070
2640,0.18218189386479092,1.1132170431258244,3.4972306580747256e-05,6060
2650,0.09641490827334286,0.2353196305875098,4.542433369239912e-05,6050
2660,0.09557722374935887,0.25592823200224696,4.7553684701009944e-05,6040
2670,0.10840178584407972,0.2881496888419243,4.6178973342195584e-05,6030
2680,0.18533248137700276,0.9573297821848136,3.7664939557138895e-05,6020
2690,0.08686526004054318,0.2445737122067641,4.512082837425949e-05,6010
2700,0.09431076684679074,0.2317310069308079,4.627116811372316e-05,6000
2710,0.0972842576554257,0.22245531282223888,4.614285420753678e-05,5990
2720,0.09772715502744604,0.24856629382067574,4.471907323323808e-05,5980
2730,0.2811382836044353,1.8547706002221025,3.238461961104533e-05,5970
2740,0.09106282171746777,0.2301092111712033,4.545880961275163e-05,5960
2750,0.10416511220187938,0.2578989911073662,4.867554756453533e-05,5950
2760,0.10764007904393808,0.3159257075029309,4.684154672894621e-05,5940
2770,0.09923381560775084,0.2409478798352628,4.195337239160371e-05,5930
2780,0.09598981877671332,0.2298452911726993,4.482172591555744e-05,5920
2790,0.10247744913769416,0.24112103418556444,4.397262178801003e-05,5910
2800,0.12742500759512995,0.6318244334418658,4.139324991253129e-05,5900
2810,0.10021334035756156,0.23247652005116745,4.427117746874569e-05,5890
2820,0.13685778048004593,0.551700603597444,3.91043599937068e-05,5880
2830,0.10002688137685008,0.2547104812402305,4.561057334622504e-05,5870
2840,0.08792551243100333,0.23454145770060936,4.620736153770355e-05,5860
2850,0.10749079949198906,0.2619971409240365,4.6830338257927646e-05,5850
2860,0.09385153189585166,0.2270482480699248,4.636612618299864e-05,5840
2870,0.09752995832112152,0.23798531000253395,4.816915423238113e-05,5830
2880,0.19339030479297944,1.3526765616743297,3.805418878907277e-05,5820
2890,0.0949980504089427,0.2387674324778967,4.963862357792821e-05,5810
2900,0.10311152149032826,0.3717736570619321,4.4979532042721665e-05,5800
2910,0.0914926684396676,0.23525545396089784,4.61908398787176e-05,5790
2920,0.09342720456965613,0.2798066490412209,4.048363728264232e-05,5780
2930,0.09657502859942847,0.2305999816114693,4.399412684815334e-05,5770
2940,0.09319353638139898,0.2186978066162014,4.5362664792198575e-05,5760
2950,0.2346033973988863,1.7662554856045751,3.1656115334237274e-05,5750
2960,0.0945513632826238,0.21221693253208648,4.565880093213594e-05,5740
2970,0.08609782614287198,0.1981739926654394,4.156835251728579e-05,5730
2980,0.08798734143952716,0.2169072227334897,4.903935030959823e-05,5720
2990,0.09551743492575224,0.2140087816039896,4.412260218218972e-05,5710
3000,0.0849404163233624,0.20932692423660976,4.539454617560014e-05,5700
3010,0.08924417770369285,0.2592292313243393,4.864474463282865e-05,5690
3020,0.09753044909495286,0.2291148199783546,4.687170850939635e-05,5680
3030,0.08790617721766315,0.2202121946164273,4.619350086237065e-05,5670
3040,0.1046863736786831,0.3314258632215649,4.4181347761795065e-05,5660
3050,0.09368039058088487,0.2397019661482757,4.2992432011915164e-05,5650
3060,0.2540188175825517,1.9131940134865608,3.225058609186318e-05,5640
3070,0.09001512090660414,0.23186855045855315,4.295104368708161e-05,5630
3080,0.0910991168533546,0.20530429906152306,4.621264542117102e-05,5620
3090,0.09306105110394686,0.22638846076592414,4.369006498479601e-05,5610
3100,0.1691474574778966,1.0950592820362874,3.5015349952984034e-05,5600
3110,0.10013421770222744,0.2243631332843335,4.303713245107028e-05,5590
3120,0.08993648785597401,0.21728560844018655,4.614981671229055e-05,5580
3130,0.1019151097289896,0.2308339202270174,4.780253255460702e-05,5570
3140,0.1036421491769246,0.24552687407052926,4.453851522837125e-05,5560
3150,0.12078760370200765,0.6502330081452715,4.027689227153992e-05,5550
3160,0.09256588262611737,0.2233979289706673,4.484334507468496e-05,5540
3170,0.08774409622273714,0.210278805216271,4.413047408480613e-05,5530
3180,0.10167636406738473,0.30069641416797943,4.2473676898787074e-05,5520
3190,0.09116760668229776,0.2133035179047907,4.396223710502229e-05,5510
3200,0.08435304945031627,0.21119507123006426,4.710086987404276e-05,5500
3210,0.09559854870661758,0.21900815004258867,4.755311916758499e-05,5490
3220,0.08355451234857368,0.21400224465718415,4.1779093581101006e-05,5480
3230,0.15750358889947247,0.9409913265038832,3.663324259801104e-05,5470
3240,0.0904661268830598,0.22522232866094544,4.555627520450655e-05,5460
3250,0.09254197232057808,0.2175468678852518,4.1703664674618374e-05,5450
3260,0.09499794465611568,0.2203350010732648,4.3677432229744674e-05,5440
3270,0.08097761980372582,0.18945688899716687,4.5051567155571394e-05,5430
3280,0.09275543489644393,0.2624354587227372,4.725361885672604e-05,5420
3290,0.09558457674491376,0.23694035127918614,4.689821282556722e-05,5410
3300,0.08528968617730925,0.22211145115279407,4.546542080562072e-05,5400
3310,0.09490234286449176,0.20788539428106076,4.3541121976045e-05,5390
3320,0.12224390560872778,0.5849564241999743,3.9041994122894296e-05,5380
3330,0.10255477980885476,0.4108661045110395,4.163457120015487e-05,5370
3340,0.10219666405807322,0.2737303982437904,4.05254886185219e-05,5360
3350,0.1543491353798786,0.7733938567798395,3.3200720273728086e-05,5350
3360,0.1245091748423151,0.4161370743820829,4.005578645622097e-05,5340
3370,0.0928764189806504,0.2043296379420672,4.48821931377183e-05,5330
3380,0.12256825032956598,0.4908062824893453,3.908151072837845e-05,5320
3390,0.09249320551836043,0.20573588405734053,4.334976439752513e-05,5310
3400,0.08139138219259842,0.23039703915042495,4.9508434859235685e-05,5300
3410,0.08789997323173115,0.21678865607598186,4.533626488528566e-05,5290
3420,0.09084513928719716,0.1994491456622155,4.322163877907877e-05,5280
3430,0.09507457292338314,0.21026228237577546,4.528416142421167e-05,5270
3440,0.09238437991158656,0.21133425625,4.153005559131532e-05,5260
3450,0.08220794050272934,0.21622363154491495,4.3511323250793575e-05,5250
3460,0.0985118902305588,0.2397135942920513,4.55045682729098e-05,5240
3470,0.08769554542240622,0.20370521970725256,4.3295630214300536e-05,5230
3480,0.08510619172757303,0.20977828636659213,4.463704351581744e-05,5220
3490,0.08709531015777648,0.20034219319069949,4.427854971762486e-05,5210
3500,0.08226634109454377,0.20700025442906772,4.596511988814946e-05,5200
3510,0.09489289547781728,0.20529444584737694,4.0239172411417356e-05,5190
3520,0.1277215060472841,0.7078977764208433,3.455891420486478e-05,5180
3530,0.09110456826992357,0.23096574897405603,4.520806145044491e-05,5170
3540,0.0909226072182432,0.2008801397089622,4.27958450454249e-05,5160
3550,0.07333929786644562,0.20043048283249684,4.454988268878924e-05,5150
3560,0.11999602925932372,0.6007217255994469,3.691801574985913e-05,5140
3570,0.08964375780196733,0.2048636160798896,4.551459691458962e-05,5130
3580,0.09359081982647033,0.21768479814365352,4.3693876204140917e-05,5120
3590,0.08254672993356779,0.20081792807844248,4.50071910807428e-05,5110
3600,0.09073300338862228,0.19601075346067187,4.197874642821296e-05,5100
3610,0.08795797248925362,0.22371090065684227,4.436837910784694e-05,5090
3620,0.11736330998192653,0.5604937377485102,3.9887557803178246e-05,5080
3630,0.07703642303130495,0.201734122820804,4.399964205573193e-05,5070
3640,0.08388819648162735,0.20466922721216785,4.397915126557467e-05,5060
3650,0.11622426224538394,0.4386873207154894,3.673986164888587e-05,5050
3660,0.16356711217211312,1.0363147945484992,3.586697187891706e-05,5040
3670,0.12216548848289735,0.6178781507691908,3.839508564233383e-05,5030
3680,0.0906407644097731,0.1979173233465221,4.5064091301777364e-05,5020
3690,0.08658854302812988,0.18791735970838214,4.344201099856197e-05,5010
3700,0.09126772327996777,0.2108773958747008,4.5676299337099325e-05,5000
3710,0.076892673790879,0.19417319089427024,4.4761135223343896e-05,4990
3720,0.08893045326299336,0.202664819797162,4.5685035107704965e-05,4980
3730,0.10946792384583212,0.4417392235429795,4.090905741243197e-05,4970
3740,0.16973706793425164,0.8510254997482843,3.468746470397265e-05,4960
3750,0.08212182658997656,0.20598080732463853,4.482459801005073e-05,4950
3760,0.09270885587082356,0.18857799417741306,4.31637174953205e-05,4940
3770,0.0986994764648056,0.2228048686545953,4.413097952797367e-05,4930
3780,0.08535565950505569,0.21082919849306367,4.661501692174246e-05,4920
3790,0.08134243329364498,0.19611111069692752,4.361121898063918e-05,4910
3800,0.14727303399765532,0.8538141572269441,3.6492833966445505e-05,4900
3810,0.0836396714512505,0.1924442831964085,4.286004940203228e-05,4890
3820,0.1853782743428524,1.1966285204279017,3.499563781840568e-05,4880
3830,0.08986543559480632,0.20289506135209068,4.683461965004465e-05,4870
3840,0.07985835498958943,0.19881357754432885,4.562212349522891e-05,4860
3850,0.0835131533861799,0.1955535213204316,4.5674797651785385e-05,4850
3860,0.08646136190345349,0.21377631842944014,4.2812171782400705e-05,4840
3870,0.1374199228749939,0.7582444364888629,3.6872265871736494e-05,4830
3880,0.09083328635926508,0.2094553598671356,4.303649933447223e-05,4820
3890,0.1040947946816078,0.3505613224739889,4.137118642870224e-05,4810
3900,0.08123667979679562,0.21101979997008108,4.294128472657273e-05,4800
3910,0.09468945498668913,0.1940855473231731,4.199105964723748e-05,4790
3920,0.08684732816468836,0.20954110273544352,4.172570628180439e-05,4780
3930,0.08789564624609222,0.20508734070300288,4.153380444964063e-05,4770
3940,0.08367168918507596,0.20017181692067207,4.0428037224932046e-05,4760
3950,0.09143384841490818,0.21773751900385285,4.06851525314042e-05,4750
3960,0.08610090806574222,0.2030204598828583,4.476017801858273e-05,4740
3970,0.14822944165674454,0.7961218733385843,3.5949864742575734e-05,4730
3980,0.10394939481975382,0.3476123887987251,4.379908154895062e-05,4720
3990,0.11384823696756545,0.4210391197245017,3.7877272218225646e-05,4710
4000,0.08923901815879616,0.20007628285569928,4.2739909471725576e-05,4700
4010,0.0878285808773874,0.18204461693776866,4.0627404675186294e-05,4690
4020,0.0949625319239388,0.23692727557395465,4.2528452977211327e-05,4680
4030,0.08945140639898398,0.24272706707637265,4.413882173909218e-05,4670
4040,0.09646939298783094,0.3193447409863166,4.251431985494936e-05,4660
4050,0.0933886084736164,0.2096558188060217,4.1354602786655244e-05,4650
4060,0.08309861534718152,0.1873136906256106,4.477359148388482e-05,4640
4070,0.09959874593331748,0.2458562437840404,4.133664631898302e-05,4630
4080,0.09246265846506814,0.19064848448551686,4.184385325332141e-05,4620
4090,0.13394682844235414,0.6464979602719568,3.642190989292323e-05,4610
4100,0.08293841215074249,0.19255388230738932,4.1086310583106494e-05,4600
4110,0.08815947231202985,0.1933967068947831,4.016290780488976e-05,4590
4120,0.09590182761683642,0.2192490602554709,4.275086185606039e-05,4580
4130,0.09661015310775084,0.3988014681258243,4.1514064433703025e-05,4570
4140,0.09055683792970276,0.2315563792472645,4.015865643150853e-05,4560
4150,0.07897289171551387,0.1797862076175691,4.11662428036257e-05,4550
4160,0.12023367033020713,0.5715795236162502,3.82723126499659e-05,4540
4170,0.17023083803350306,1.1616533663844215,3.421068123741522e-05,4530
4180,0.0986401595783265,0.2744516910803476,4.451224669080011e-05,4520
4190,0.08217800650583723,0.20172136540381375,4.415785278730597e-05,4510
4200,0.093387090391144,0.23795032042774886,4.3902072324025066e-05,4500
4210,0.08890067491436475,0.2084913744571855,4.137821307144442e-05,4490
4220,0.09209860418971644,0.18936131067906772,4.020100491627363e-05,4480
4230,0.08481397941075004,0.1878689065966625,4.353710186178573e-05,4470
4240,0.11777403711410707,0.5803852693923407,3.897119388841537e-05,4460
4250,0.08040331168776255,0.1818476419200616,4.3281261842603306e-05,4450
4260,0.09201466459310276,0.26918676041422435,4.200629541498553e-05,4440
4270,0.12912509056027746,0.5890907314244762,3.865952260145672e-05,4430
4280,0.08332049432395466,0.19136953473265314,4.299388524843642e-05,4420
4290,0.07781364937338195,0.1775751637138531,4.240307444388053e-05,4410
4300,0.16341013166214832,1.0432079397982608,3.71686596520601e-05,4400
4310,0.09010467050056174,0.232829489726822,4.4307931725728743e-05,4390
4320,0.08664128940992576,0.19930653919438746,4.4566668920402135e-05,4380
4330,0.10045959459246166,0.2854367689521053,4.162816613296577e-05,4370
4340,0.08462734183137334,0.2016640306600173,4.2412226439216404e-05,4360
4350,0.08520585756383718,0.2122834660847743,4.352827631806292e-05,4350
4360,0.08462727335125415,0.20446682869147492,4.48495619539945e-05,4340
4370,0.11066405404195366,0.3446475201053573,4.1947965551386434e-05,4330
4380,0.09703302117511113,0.21066202825749808,4.260631847177191e-05,4320
4390,0.07996330151853752,0.19197326259280967,4.266634056084587e-05,4310
4400,0.09508416035789737,0.21795517774948708,4.239572792480156e-05,4300
4410,0.10705222161839953,0.3953179928872361,4.4690564561793766e-05,4290
4420,0.08283412457014458,0.2041670900679892,4.049494384483193e-05,4280
4430,0.08817679717663149,0.19717375730509965,4.163400022915525e-05,4270
4440,0.0874764665787417,0.2120115864345204,4.3441698324241294e-05,4260
4450,0.08152180474245313,0.20954231381826396,4.3747158930860375e-05,4250
4460,0.08914713296438427,0.19231588169145666,4.076527548796897e-05,4240
4470,0.08836760070324713,0.18943390849697148,4.310286989785922e-05,4230
4480,0.08398081742730924,0.2656220768474929,4.1812713400930986e-05,4220
4490,0.08262272242514168,0.1817396609515436,4.397477702720035e-05,4210
4500,0.08608678747053904,0.20020115287328424,4.249665823483947e-05,4200
4510,0.098806501440382,0.2226739477115084,4.398683001727319e-05,4190
4520,0.07985937753028527,0.16812227300077545,4.309251398800893e-05,4180
4530,0.0918425942383194,0.1918236475000916,3.9208285889116106e-05,4170
4540,0.15009966072623585,0.8037859272651366,3.506886212170593e-05,4160
4550,0.08361417120884622,0.1728506007655273,4.2784587539550577e-05,4150
4560,0.18148728286668986,1.029596666510203,3.36506172914258e-05,4140
4570,0.086353372010551,0.2381670025020455,4.327008360443819e-05,4130
4580,0.16400565029308325,0.939213747249292,3.498764335062075e-05,4120
4590,0.17420195640371605,1.0240139446010101,3.622696864881921e-05,4110
4600,0.16259686328582942,0.8606227423613654,3.687441359085935e-05,4100
4610,0.1287413658649619,0.3842088660058555,3.5050345857319595e-05,4090
4620,0.08665910413598453,0.2479508004455781,4.3092107796279634e-05,4080
4630,0.14792885419582236,0.8197940479067446,3.572961770067237e-05,4070
4640,0.09138697756936302,0.19242913987336366,4.137818388124723e-05,4060
4650,0.18848052710882546,1.1440354183757078,3.1497217543581985e-05,4050
4660,0.0926824719029345,0.2934058445985676,4.043177914019887e-05,4040
4670,0.09607445686776453,0.3575376237568386,4.393837202777547e-05,4030
4680,0.09245006205487982,0.21713366768268852,4.1100168032735325e-05,4020
4690,0.0900625319911037,0.28148202663989225,4.085947249870151e-05,4010
4700,0.10273382040576763,0.3153246841867856,3.987466128776003e-05,4000
4710,0.08162532127402672,0.2105941510586105,4.179976020315031e-05,3990
4720,0.08537160706758011,0.2021692981413638,3.979953664259771e-05,3980
4730,0.1304748081257327,0.6917414352650876,3.726996633479461e-05,3970
4740,0.12006519100234468,0.4748540014434349,3.953461435088073e-05,3960
4750,0.09586909649994506,0.1872648851016022,3.93026577721266e-05,3950
4760,0.08134431500815137,0.17967956320202594,3.873923159197682e-05,3940
4770,0.08297941517133157,0.18313980626648596,4.065877958062759e-05,3930
4780,0.09059429902061353,0.1949154505275498,4.172721810926073e-05,3920
4790,0.16489244193883718,0.8568656480239778,3.4296506265657724e-05,3910
4800,0.09001472353687352,0.18691899475732096,4.4626782103144464e-05,3900
4810,0.13008484974355214,0.7220014567549579,3.928396505207338e-05,3890
4820,0.07929719592553244,0.2002117106480803,4.2191828142135355e-05,3880
4830,0.18053271578848548,1.1921440782965762,3.4249022869238184e-05,3870
4840,0.09204461207365547,0.18479856362333308,3.978380920787592e-05,3860
4850,0.08252635423749513,0.18524186228995704,4.096784081012714e-05,3850
4860,0.08874563946961092,0.17336817319021106,4.2210313713788566e-05,3840
4870,0.13820633061681808,0.9301789790199724,3.541497457115061e-05,3830
4880,0.08788768374792401,0.1872344127941518,4.078446810392354e-05,3820
4890,0.10077135051152183,0.3222306860637395,4.193148154332127e-05,3810
4900,0.08879757643839757,0.273394665933348,4.0777889005468856e-05,3800
4910,0.08698314634607635,0.17788828045867527,4.118235756795073e-05,3790
4920,0.08455177254542791,0.19193078838840852,4.143908479567606e-05,3780
4930,0.13501376045192826,0.6442054464335434,3.582455427213249e-05,3770
4940,0.08457923235257303,0.1798221334206477,4.017134453130688e-05,3760
4950,0.11965601068395247,0.451189964022659,3.836782688316618e-05,3750
4960,0.08883568315198807,0.20349603511976727,4.086512702099086e-05,3740
4970,0.09918541530489816,0.2263519247142439,4.0848232092584917e-05,3730
4980,0.08133263640032729,0.17361159036488866,3.9374816902482724e-05,3720
4990,0.08320414974706307,0.19283008191126905,4.260122878544272e-05,3710
5000,0.0936250915932432,0.2018362424334152,4.245871755103721e-05,3700
5010,0.10027967213205842,0.2907900595494761,4.0562787755994986e-05,3690
5020,0.09032514273626782,0.18031789238334675,4.003296927563793e-05,3680
5030,0.08650598006789761,0.17999573487431006,4.150818231869669e-05,3670
5040,0.0984630034362483,0.34698563794924164,3.9266997991976724e-05,3660
5050,0.09326757064756128,0.1884159187596168,4.322555416806011e-05,3650
5060,0.08512181814169964,0.185967094021102,4.0085442442098746e-05,3640
5070,0.15614118683308298,0.8447333357144821,3.5729628488004386e-05,3630
5080,0.14615561918718248,1.0334562812011523,3.809271558733117e-05,3620
5090,0.23957519217406706,1.6722236609613133,3.6732615843675955e-05,3610
5100,0.09204131873030848,0.18569416057770985,3.997289464593275e-05,3600
5110,0.09119021018204744,0.2699115066865719,4.136385189809382e-05,3590
5120,0.0919411113885734,0.1825675993527745,4.371850688629254e-05,3580
5130,0.08186435228604923,0.19193551556867308,3.7597381734513146e-05,3570
5140,0.09625173375204547,0.1814005634816762,3.822136772567167e-05,3560
5150,0.08431137147323173,0.17375984526288954,4.1421171748461056e-05,3550
5160,0.08904581544899741,0.1983642148080305,4.345687357190704e-05,3540
5170,0.09037073499764924,0.2391737058175496,4.002450021215084e-05,3530
5180,0.08791043970285635,0.1674523227725674,4.238557937532906e-05,3520
5190,0.09661271554302828,0.17633227873131593,3.933111494887009e-05,3510
5200,0.11667530747346985,0.6117767842119723,3.745066912959965e-05,3500
5210,0.1563968537513128,0.8978653595091771,3.409886384907403e-05,3490
5220,0.12474540865328253,0.6587649805044695,3.4347379408447275e-05,3480
5230,0.09385655239336044,0.2012732025199052,3.8165924237736336e-05,3470
5240,0.12072932932236714,0.4816088517962034,3.391958706978754e-05,3460
5250,0.10641821031759842,0.4810402353151561,3.846802878210299e-05,3450
5260,0.18718554896871334,1.4250414419815784,3.375695669756684e-05,3440
5270,0.157408628651176,0.8113570163331317,3.5302375620882565e-05,3430
5280,0.08306366888860395,0.18458586896965976,3.940470472656587e-05,3420
5290,0.14993559465229947,1.037295343896389,3.59724164720864e-05,3410
5300,0.13343721184895835,0.6350258865865573,3.7917669410087986e-05,3400
5310,0.09406644412352848,0.20721906423407585,4.007869182830677e-05,3390
5320,0.0935781760154113,0.18971299054257035,3.9636834050466914e-05,3380
5330,0.1671950358636186,0.5440473602382216,3.5367529586229655e-05,3370
5340,0.10931880034925752,0.4454331173857891,3.739849334972801e-05,3360
5350,0.09579973150995873,0.17953283460091832,4.2103578305571555e-05,3350
5360,0.09577051528856488,0.17417828096851798,3.885521798716099e-05,3340
5370,0.15141480329169107,1.025876258552993,3.648053287074625e-05,3330
5380,0.14498146813193016,0.6960762120699919,3.691999016523761e-05,3320
5390,0.09322823197522837,0.20587554091197727,3.897019649888578e-05,3310
5400,0.09039929175459163,0.1898429106033546,3.996824030994864e-05,3300
5410,0.17381802882962094,1.1959675361614337,3.3473833030340186e-05,3290
5420,0.08239481242047063,0.18947806992721766,4.1323511561197344e-05,3280
5430,0.1388161577740328,0.5206858121312037,3.559475513422113e-05,3270
5440,0.19235968394865546,1.2791282365473264,3.348364059924344e-05,3260
5450,0.0952656533312268,0.20648832983449952,4.1900232912981465e-05,3250
5460,0.10445597782321586,0.2726425146932395,3.8513829757013596e-05,3240
5470,0.15347798354932954,0.6456010269622838,3.766913901350672e-05,3230
5480,0.12804393882971252,0.8266368222717312,3.5876421150157595e-05,3220
5490,0.17581875484671136,1.3955601972932543,3.5143543122446044e-05,3210
5500,0.13081994606291522,0.6436572930708713,3.652595087501377e-05,3200
5510,0.08747214992413417,0.1868785944153905,3.9239947919461615e-05,3190
5520,0.12417806093063087,0.4620876140763909,3.781511854502726e-05,3180
5530,0.08387920007678171,0.20154782301680346,4.07265754801572e-05,3170
5540,0.08306005931134597,0.20373654021101992,4.305721857593732e-05,3160
5550,0.10091601477078448,0.1814325470506973,3.8586868728726575e-05,3150
5560,0.08270683637880398,0.20317725571497047,4.268272662088806e-05,3140
5570,0.07530267400351699,0.17569317881603533,4.196371489484604e-05,3130
5580,0.08938556053374731,0.19124811165112712,4.108688688861099e-05,3120
5590,0.10609462516714906,0.3798282905063928,3.9698298259012125e-05,3110
5600,0.09208667002491208,0.2000286026034034,3.861455936030459e-05,3100
5610,0.11882152652998608,0.4784976267578889,3.690084012793681e-05,3090
5620,0.09320624685851407,0.2102789899495347,3.851084550168751e-05,3080
5630,0.1505904956829755,0.8016167561020846,3.6484202012837175e-05,3070
5640,0.09420055199159218,0.1836575392707112,3.824335481153064e-05,3060
5650,0.09159607093698101,0.19513649440684228,4.067897229503997e-05,3050
5660,0.2305844706617575,1.5543932353884269,3.212779900412875e-05,3040
5670,0.10239748459954452,0.3796964225269576,3.8147958590255295e-05,3030
5680,0.14732904229923796,0.8791159115070281,3.659918188479695e-05,3020
5690,0.0870028151524033,0.1883332799702032,3.914237104951704e-05,3010
5700,0.122967489814747,0.6033873563585324,3.834981142244703e-05,3000
5710,0.09425324844665886,0.17609836961459555,3.834115767279116e-05,2990
5720,0.1675589080475772,1.0619391836557248,3.5022051801260294e-05,2980
5730,0.14003534441615378,0.6381723232205879,3.6892675933019156e-05,2970
5740,0.09027651453189113,0.1786016220294793,3.756942564833279e-05,2960
5750,0.08424956139116843,0.1865865980850369,4.1764981639846756e-05,2950
5760,0.08165703128892511,0.18632582736038855,3.9964740311772916e-05,2940
5770,0.0882669335969556,0.18374765292823733,4.219992910993188e-05,2930
5780,0.08241863608587338,0.18237011266546996,4.2873959099958254e-05,2920
5790,0.17403610251807344,1.139666483098256,3.675576124593121e-05,2910
5800,0.0802034845995445,0.1710189234558177,4.098954581455331e-05,2900
5810,0.07916321062854141,0.1842213251134171,4.1244212617636e-05,2890
5820,0.0882472060961313,0.1823222931649021,3.9025523169310194e-05,2880
5830,0.08540551367660708,0.17019040578350916,3.841090497828129e-05,2870
5840,0.08242758826064259,0.16988504425312626,4.1089336251010325e-05,2860
5850,0.09313574028780164,0.2070512532428439,4.1608880206760294e-05,2850
5860,0.10313455705292596,0.37205477537062814,4.048729561224879e-05,2840
5870,0.07520667122395834,0.18191863426875726,3.916629135404138e-05,2830
5880,0.09028548507580476,0.20038896799531067,3.92836456650902e-05,2820
5890,0.1184291722938648,0.5899856139567153,3.8531944165882265e-05,2810
5900,0.09481682793190087,0.2971174448948564,4.044621210437711e-05,2800
5910,0.1361010196603898,0.8053495638042204,3.568651382792833e-05,2790
5920,0.0838158008249072,0.17821322514516774,4.350663939576286e-05,2780
5930,0.09279136762880397,0.1933190325748278,4.040496382620162e-05,2770
5940,0.09047231235819046,0.1984461412264312,3.6566154701163035e-05,2760
5950,0.0873144041249939,0.2348493652816957,4.211744609203834e-05,2750
5960,0.09821420017340758,0.18459878505260235,3.9891876103836025e-05,2740
5970,0.08591638086639679,0.17747811190513266,3.9849997389705844e-05,2730
5980,0.08740617547977116,0.17814516294450958,4.126359640625727e-05,2720
5990,0.09768389097242576,0.18898166345252052,3.8997458446965584e-05,2710
6000,0.08753137385804391,0.1830341659925752,4.058406528042099e-05,2700
6010,0.08386403681720765,0.17549494229297946,4.0045644210213535e-05,2690
6020,0.09832861311043743,0.3493783435857513,4.158982947504961e-05,2680
6030,0.09032720498592592,0.21566989922760352,3.985994897396508e-05,2670
6040,0.08646608783704572,0.18413049593591246,4.039218057176629e-05,2660
6050,0.09037112014214538,0.21417987864507013,3.8161199868563624e-05,2650
6060,0.09067529092037296,0.1990678278806113,3.5625504041625514e-05,2640
6070,0.17696879994077278,1.185576205706422,3.297078253788548e-05,2630
6080,0.08310272301054489,0.19943165103418692,4.191996472706019e-05,2620
6090,0.08360671472605878,0.17856025945422407,4.144336351975509e-05,2610
6100,0.1541913427997692,1.2471576019317543,3.4247010123119275e-05,2600
6110,0.08762993072840343,0.17233824722776844,3.782055615308142e-05,2590
6120,0.07886182003162857,0.171628200233856,4.0390005910685086e-05,2580
6130,0.09044869237006643,0.17400165063501366,3.952027490372653e-05,2570
6140,0.08865784893940504,0.16612293659083138,3.853771200905513e-05,2560
6150,0.14428633988862835,0.6397081736846363,3.5602411130341145e-05,2550
6160,0.09461357474706306,0.3307032993332357,3.799502357277523e-05,2540
6170,0.08052931850271103,0.17619583794191454,3.9688476605156827e-05,2530
6180,0.08369824809358514,0.1922719926691029,4.174469143702642e-05,2520
6190,0.1891186026754531,1.2862259965196363,3.36741129749037e-05,2510
6200,0.08455701541373584,0.18049122008047574,3.714117192511331e-05,2500
6210,0.10593235351928854,0.1819745090658888,3.5115765772722074e-05,2490
6220,0.09421828120786928,0.21317172332927292,3.777068025010246e-05,2480
6230,0.0885815958357757,0.1857175487470692,4.082478097380068e-05,2470
6240,0.1703427698508939,1.2497844292959592,3.479591244433086e-05,2460
6250,0.08988528047821415,0.1933335152096461,3.877989308358487e-05,2450
6260,0.09030669156347694,0.1930560203882132,4.26197426285428e-05,2440
6270,0.1442862611957796,0.7451922089889544,3.7124053634232376e-05,2430
6280,0.1187060298503749,0.4954907847302108,3.437008498279293e-05,2420
6290,0.0872766400374597,0.17594876564316506,4.041043191507063e-05,2410
6300,0.1479303540054709,0.8154909510757071,3.5538038678557635e-05,2400
6310,0.11195122678399157,0.4268561254787026,3.785729561446071e-05,2390
6320,0.15647054777012506,1.0102269196463465,3.5673374654174765e-05,2380
6330,0.08470605219262893,0.1747236296991012,3.965794731683281e-05,2370
6340,0.08935409885071684,0.18153556730397008,3.63831765143391e-05,2360
6350,0.1523274952787649,0.8134242038296211,3.653682194140633e-05,2350
6360,0.1003215521014984,0.18423355644157266,3.817442746751457e-05,2340
6370,0.08682336400189893,0.1935344327616684,3.920361416803521e-05,2330
6380,0.10800342139935032,0.39506799188892144,3.976482973564099e-05,2320
6390,0.09122685301494114,0.1817558422282569,3.734531681400642e-05,2310
6400,0.10442743662548236,0.3821180911922383,3.736272147917889e-05,2300
6410,0.12959883731682298,0.6146012749096328,3.7609656027472477e-05,2290
6420,0.08032426016998828,0.1883882468517976,3.9744111598057785e-05,2280
6430,0.1816090255701385,1.175964068068429,3.5170062613776174e-05,2270
6440,0.10704686264761017,0.4252553746556272,3.9942189728790734e-05,2260
6450,0.08572643462045723,0.2335756245579328,3.770549137334916e-05,2250
6460,0.0808785231827313,0.17042386431223136,4.0133203614588626e-05,2240
6470,0.1428115296380422,0.7306275609588706,3.810780081027353e-05,2230
6480,0.09545505265484563,0.1915126612750037,3.969615839509965e-05,2220
6490,0.09181581809773716,0.17745737742709555,3.982803619042668e-05,2210
6500,0.2260232558030481,1.416617097449565,3.759117562925043e-05,2200
6510,0.08613551650287589,0.17925755684837827,3.871306219858396e-05,2190
6520,0.09856650060997947,0.18528272153047454,3.8959289577140455e-05,2180
6530,0.14930170174872995,0.9466102750462524,3.817943022378469e-05,2170
6540,0.1851514237959164,0.8679017901029453,3.200675463045638e-05,2160
6550,0.08575621325087315,0.1702012950346815,3.7756287210975735e-05,2150
6560,0.1547575297844312,0.7649737378272764,3.7240801056216323e-05,2140
6570,0.10392261728153088,0.3084869026963657,3.690988255006876e-05,2130
6580,0.08802389692690014,0.17384645001953886,3.676327866605891e-05,2120
6590,0.09468945966304586,0.17259493943541787,3.4668199687961656e-05,2110
6600,0.11610564151020294,0.4639804425860627,3.8180403762635634e-05,2100
6610,0.10296409780416543,0.1695628650101358,3.731498393763555e-05,2090
6620,0.12221061377430148,0.6255830890910451,4.004537400569762e-05,2080
6630,0.09506715833272276,0.18663025373910094,3.7441085600640084e-05,2070
6640,0.20740504045632446,1.1454745311643648,3.059907513352464e-05,2060
6650,0.09488277076983197,0.2598909449956038,3.76866844838535e-05,2050
6660,0.09522674935521687,0.17241901335589466,3.684154284342168e-05,2040
6670,0.09043951290482123,0.1669004910962229,3.774102354770519e-05,2030
6680,0.09464931923343467,0.18741042525141047,3.720085375555083e-05,2020
6690,0.0881453621273874,0.1915261066296344,3.771808990693218e-05,2010
6700,0.10655121495441944,0.1964616037195621,4.034809367997948e-05,2000
6710,0.18042482853394268,0.5830662929800461,3.720004780842905e-05,1990
6720,0.09834184531982708,0.17599461351113715,3.942443568094723e-05,1980
6730,0.09101041103565237,0.17257975109356682,4.00236122667289e-05,1970
6740,0.0912613011966039,0.1743584207478507,3.6715781225822494e-05,1960
6750,0.098347792716271,0.17101490606056444,3.7618451104787074e-05,1950
6760,0.09734771643204744,0.16711436483230144,3.635710498015894e-05,1940
6770,0.17544128807258086,1.320135344448515,3.408596834319293e-05,1930
6780,0.0920574882375928,0.1615949815333138,3.8231620713819896e-05,1920
6790,0.27100379644148104,2.1420944308493,2.9346402677784932e-05,1910
6800,0.09334792273822172,0.1751187731969275,3.8218411149965296e-05,1900
6810,0.10475690632922408,0.1928694476967016,3.646099112590174e-05,1890
6820,0.2183015253991733,1.2070841663241254,3.6715408027869145e-05,1880
6830,0.1024899234558177,0.247435059061004,3.841854204560804e-05,1870
6840,0.09952106332979192,0.2232400990607598,3.9221245403048166e-05,1860
6850,0.09090643136952302,0.16668375348707992,3.656438153975664e-05,1850
6860,0.1482881104800154,0.5650677848388957,3.973160042627851e-05,1840
6870,0.2270156352084555,1.2480450919890578,3.258376785475325e-05,1830
6880,0.11257295470505446,0.18020596167555075,3.681617159660143e-05,1820
6890,0.13291996980693144,0.401368507961942,3.932901863266991e-05,1810
6900,0.09551855942857927,0.1742489948802022,3.7208704766452886e-05,1800
6910,0.1014383088095936,0.18691282954385868,3.700952522010186e-05,1790
6920,0.11374508973170673,0.2538177041164456,3.808736584043421e-05,1780
6930,0.10016654584905604,0.1752227147797907,3.682416638768724e-05,1770
6940,0.08562610908664885,0.16480212028853433,3.783825613778253e-05,1760
6950,0.10138242087347962,0.18333480594211,3.8486229327331624e-05,1750
6960,0.09401250332161,0.18635807788625927,3.9438229882400175e-05,1740
6970,0.10107774274603727,0.1883277239935949,3.9142274239243706e-05,1730
6980,0.09981756432627492,0.17787140108379734,3.5451584723857546e-05,1720
6990,0.09631506744822196,0.1853127304902733,3.9294836375011796e-05,1710
7000,0.10615325724755152,0.17967503603687354,3.751767251386408e-05,1700
7010,0.14426022211664102,0.6968509477573027,3.910378334711721e-05,1690
7020,0.09881698158399277,0.19897669722654726,3.848508064217794e-05,1680
7030,0.08643952500915886,0.1793407512820865,3.7913620886243624e-05,1670
7040,0.11031835641302756,0.18383869888124635,3.6893472591817826e-05,1660
7050,0.09082647361273936,0.17052005392487302,3.6650067931293406e-05,1650
7060,0.11087652858034756,0.16850655331901498,3.587966789418229e-05,1640
7070,0.08769643981779993,0.17679679804962264,3.827196897734922e-05,1630
7080,0.1025345465977921,0.17664757315113325,3.556160812106919e-05,1620
7090,0.09689574865654918,0.18022965201250488,3.997074096451402e-05,1610
7100,0.08990659601162564,0.17589922543962486,3.664869775921363e-05,1600
7110,0.08818126783151989,0.18253218273678684,3.9431019989702475e-05,1590
7120,0.08706709141998828,0.16675132678765509,3.9668861797943155e-05,1580
7130,0.16261219024628148,0.936997459124658,3.377203793617465e-05,1570
7140,0.10814837032150622,0.179230915513262,3.373042488800897e-05,1560
7150,0.09204659453140264,0.17498517367868308,3.6546441587438815e-05,1550
7160,0.11865798534446438,0.17699910837973815,3.476321971006528e-05,1540
7170,0.11308826635389192,0.19335569065537686,3.852890623891504e-05,1530
7180,0.1314306159350271,0.209415433663052,3.3793345071669155e-05,1520
7190,0.10849444864555856,0.17610473531515605,3.4905014110804314e-05,1510
7200,0.1096610670963694,0.1836444954962876,3.630500410059595e-05,1500
7210,0.11575026891470667,0.18501288304376096,3.698126400016639e-05,1490
7220,0.11841871746776085,0.3813382803579279,3.6486415577497934e-05,1480
7230,0.10972613335882546,0.172854773583431,3.75270854093886e-05,1470
7240,0.11414173765371605,0.1696541856436535,3.4560547507816605e-05,1460
7250,0.11751207794777625,0.17667471597731044,3.7368369181043265e-05,1450
7260,0.11424673749267293,0.1840450711606096,3.605034037464692e-05,1440
7270,0.11313935516666054,0.183067400736219,3.581696158550386e-05,1430
7280,0.1048711058128175,0.1867730679035695,3.722133221729317e-05,1420
7290,0.10951894056500952,0.17756656725710726,3.655432785797186e-05,1410
7300,0.14323186122371412,0.17215431238871995,3.292051187769865e-05,1400
7310,0.10918287412990914,0.1701152347277684,3.519913900087557e-05,1390
7320,0.12649182473607246,0.19180263398773326,3.486431587219694e-05,1380
7330,0.1124931769354179,0.18681351338169208,3.544900224442919e-05,1370
7340,0.11088020952947927,0.1954662246591381,3.6824558534415805e-05,1360
7350,0.1316796394586203,0.3805134532037661,3.511848914682569e-05,1350
7360,0.1200599037410854,0.1835072139616,3.2894023371443866e-05,1340
7370,0.11519521315073634,0.18882471541602555,3.5999859423501236e-05,1330
7380,0.16480184689316504,0.4895779013345973,3.383521021567875e-05,1320
7390,0.12447767506594372,0.17296131793119868,3.440778219278932e-05,1310
7400,0.17534315903673311,0.6658083903716052,3.455801152440246e-05,1300
7410,0.12505020687875512,0.1887488933268611,3.536735134227753e-05,1290
7420,0.13751178253223914,0.1898993247362251,3.458898528619253e-05,1280
7430,0.11760870565650645,0.1884004211299275,3.3046000356536844e-05,1270
7440,0.11330936982158556,0.17578415066371145,3.4264664684931914e-05,1260
7450,0.11598924239677973,0.20603834504689333,3.398042136406857e-05,1250
7460,0.12640375731731146,0.18343548710372706,3.412862832402311e-05,1240
7470,0.13442801135148005,0.1916806803547223,3.369940523073681e-05,1230
7480,0.14438124234793254,0.1955550311150596,3.238431910047645e-05,1220
7490,0.1317036101979228,0.194851051685076,3.4915564740857865e-05,1210
7500,0.1614057491641022,0.19528104818761602,3.346289020954396e-05,1200
7510,0.12103146426201032,0.19864524515176216,3.468349225637583e-05,1190
7520,0.1497806362617233,0.4419176799150975,3.271237621007614e-05,1180
7530,0.12493771577703693,0.19237527525400547,3.501600081238853e-05,1170
7540,0.11807999608245408,0.1874649519245799,3.6419803996026125e-05,1160
7550,0.1957624650130361,0.8007815042490963,3.1744904004649654e-05,1150
7560,0.13920906339130884,0.33785218593139404,3.4741162749340275e-05,1140
7570,0.15154017154161786,0.1886926435361408,3.455123239484668e-05,1130
7580,0.12264967058894465,0.21510772673025966,3.5766870909158066e-05,1120
7590,0.14894569052837411,0.19516489710580304,3.316623343311391e-05,1110
7600,0.1285703974397958,0.18405087068297551,3.366539033550524e-05,1100
7610,0.15086404945764334,0.19373837838740107,3.2876218072988956e-05,1090
7620,0.1475672711117624,0.20998164713862225,3.4994508798771904e-05,1080
7630,0.1316334942305344,0.2087197939195914,3.342382510882555e-05,1070
7640,0.12804599511283707,0.2647869337312855,3.5662583134772354e-05,1060
7650,0.12573207308625806,0.1727196493723134,3.551767711342119e-05,1050
7660,0.13713447003162854,0.2344771044766938,3.490532304630541e-05,1040
7670,0.12688837535643194,0.1985626844762053,3.56033287834764e-05,1030
7680,0.1515593347932542,0.1949758539821158,3.276583584195977e-05,1020
7690,0.1365077072287759,0.17717956917359687,3.300580489296942e-05,1010
7700,0.1565447411462913,0.17787420003846718,3.163180511394706e-05,1000
7710,0.12527134683210606,0.1754398741885258,3.6305841471892104e-05,990
7720,0.16739013355665666,0.3400400652574248,3.33305065099918e-05,980
7730,0.14192284043510647,0.1977518578349392,3.3132253677022667e-05,970
7740,0.13661267911720887,0.18200284766861444,3.1383739759235606e-05,960
7750,0.1769370123813929,0.1822548173259513,3.371477293058321e-05,950
7760,0.1361003899863228,0.18786155131994312,3.399518356268578e-05,940
7770,0.14273138034495286,0.1794033721471705,3.2759141009563485e-05,930
7780,0.14957548181525376,0.21605851068517368,3.314622285097095e-05,920
7790,0.14526227134622902,0.1795802260160219,3.279465386686535e-05,910
7800,0.1264277076592419,0.18104551093627885,3.4447367736202563e-05,900
7810,0.15233191294802048,0.18400812976122874,3.3870193188684626e-05,890
7820,0.1466871677651182,0.18597869707344175,3.224412195678587e-05,880
7830,0.1318662430612544,0.17764552175593493,3.3519086185336674e-05,870
7840,0.1267381988714769,0.1858378569656116,3.248707146858039e-05,860
7850,0.13415093975613032,0.1817984674908106,3.316639221290728e-05,850
7860,0.1387699623656702,0.1839928039601346,3.198738499854596e-05,840
7870,0.13922430849437648,0.17869354227176146,3.1652400975144365e-05,830
7880,0.2004182415732464,0.5148308218260002,3.127251385002367e-05,820
7890,0.13930643957463246,0.1813224431160549,3.257838585498921e-05,810
7900,0.14781136322232805,0.1892956130910512,3.1704522383893405e-05,800
7910,0.17117973778575618,0.1951738564966784,3.2424836581412156e-05,790
7920,0.13812408460091832,0.1868917714317116,3.365933411633853e-05,780
7930,0.13870138708907287,0.2475261072293865,3.305068035016017e-05,770
7940,0.14706413319885087,0.18107882793815944,3.362678213930636e-05,760
7950,0.1440825709652208,0.19035310990377105,3.2035037039470673e-05,750
7960,0.1551184032672675,0.19317207992608806,3.2507227307309496e-05,740
7970,0.158051289947245,0.19465337435521687,3.2817642285442796e-05,730
7980,0.14150299680279774,0.1757632818604374,3.212707545109783e-05,720
7990,0.16138006575307126,0.1945983673552596,3.241398631868286e-05,710
8000,0.13707918582560938,0.18116826624154334,3.3087402131047405e-05,700
8010,0.1655343216857171,0.20028760971922016,3.29330778268842e-05,690
8020,0.1391346387137004,0.1854389666738411,3.469687633525639e-05,680
8030,0.13939313400849332,0.16711177013588682,3.217820820960476e-05,670
8040,0.15312787668767094,0.17985106936059006,3.217823599090271e-05,660
8050,0.132029021662362,0.17280299092418913,3.3893313196990006e-05,650
8060,0.14873804085931394,0.1836461826830549,3.3165154767612603e-05,640
8070,0.15648055077117526,0.17375120100564184,3.149073558424034e-05,630
8080,0.1555939608854472,0.18283119403193995,3.071725897399941e-05,620
8090,0.13718901312142806,0.1794021559933995,3.313235434779503e-05,610
8100,0.14383152162710044,0.18308328447376296,3.314040506891219e-05,600
8110,0.1405920948069314,0.1873797974892536,3.2138781356398877e-05,590
8120,0.1454388787587925,0.1848041753552108,3.1813475424899714e-05,580
8130,0.12891822205695586,0.16368712586398496,3.1125630560027306e-05,570
8140,0.140580325993888,0.24247336674237985,3.284938908773988e-05,560
8150,0.15585302452114475,0.22011645696011625,3.219875358566004e-05,550
8160,0.16197050323368506,0.2701400812274082,3.3491610919726355e-05,540
8170,0.15396454597117407,0.22682117754112324,3.1813901703348905e-05,530
8180,0.14847311254869455,0.200253346526811,3.515947150153496e-05,520
8190,0.16180447186400934,0.22275081279903647,3.085506965819157e-05,510
8200,0.1487546525766901,0.19503153789306735,3.29126998100294e-05,500
8210,0.16610331161525502,0.20180856589717053,3.2703957579906104e-05,490
8220,0.16248816185765924,0.2225736795232513,3.463496348799414e-05,480
8230,0.15212120744049798,0.2340960316955781,3.7463276221778086e-05,470
8240,0.1899619163429013,0.2810854821938196,4.316962881851737e-05,460
8250,0.1911496645173896,0.3909920237053964,4.372351523260841e-05,450
8260,0.4101083884110003,1.0802448333913397,5.26849022231381e-05,440
8270,0.4549187314478312,1.1293369888133793,4.824608672446581e-05,430
8280,0.9988115374755764,1.5156859454645368,3.9633927797387534e-05,420
8290,1.1473881592809692,2.0121328708455453,3.698255593568832e-05,410
8300,1.1810865018555832,2.1169742139860235,3.62079151348026e-05,400
8310,1.3121655550501905,2.3225858748826145,3.68669795258096e-05,390
8320,1.3303123378478836,2.4362382254590105,3.644753220652551e-05,380
8330,1.3596545062713707,2.4498414012407195,3.564144820894299e-05,370
8340,1.3399459185043898,2.430005971355845,3.356168259140274e-05,360
8350,1.3358448258200226,2.393028861957643,3.481403236939598e-05,350
8360,1.4106671823879873,2.4357440635500622,3.25411269521724e-05,340
8370,1.4551193325420086,2.271753674209744,3.2885869018313474e-05,330
8380,1.35091260804025,2.3255203567908302,3.05330291540827e-05,320
8390,1.4124309751068531,2.3424190952300705,3.044193912225897e-05,310
8400,1.470091529444943,2.408706750356432,3.3983725455671775e-05,300
8410,1.4802733648000928,2.526735676723696,3.256717090921134e-05,290
8420,1.5190442862688978,2.533710638895656,3.315665599401582e-05,280
8430,1.4912749061132278,2.513467094507132,3.1904717983556125e-05,270
8440,1.4025208370939577,2.368867636986494,3.163410873761161e-05,260
8450,1.5582159663074868,2.385790673538858,2.9818266927063435e-05,250
8460,1.586542701549525,2.3806211532239154,2.8755701800782647e-05,240
8470,1.5220849600916802,2.685168733531012,3.084544435541382e-05,230
8480,1.6107948533704568,2.591861187876124,3.0423503259701812e-05,220
8490,1.5780946268995455,2.4537944932926683,2.9662404523801106e-05,210
8500,1.5871592207673897,2.6915361535658455,3.139579831327992e-05,200
8510,1.9601155054489061,3.5806640632569797,3.687891160632177e-05,190
8520,2.0312087135599843,3.9121634715036087,3.625941106325479e-05,180
8530,1.952765589326275,4.0654644317842665,3.610212759150981e-05,170
8540,1.8927297713071511,4.178548596695487,3.715291087434557e-05,160
8550,1.9155515344073613,4.332280196620841,3.498977090735161e-05,150
8560,2.035887539759184,4.3010278063048,3.6612902141983364e-05,140
8570,1.8820626041750619,4.110254713706526,3.546013216160141e-05,130
8580,1.8811104421452167,4.336774596570315,3.649710005942185e-05,120
8590,1.8354581050062282,4.230998827329859,3.5321137973948465e-05,110
8600,1.9167157944698856,4.417364288958089,3.733780927698512e-05,100
8610,1.9043272219420124,4.633178265843439,3.9730581406786655e-05,90
8620,1.8293327257131693,4.580987404868694,3.689825054895378e-05,80
8630,2.493070777646908,5.831951841732611,3.4303174405997226e-05,70
8640,2.6274408358483536,7.447751797600992,4.0812692411367935e-05,60
8650,2.783595687534193,7.442148136293473,4.202485368793306e-05,50
8660,2.6895221090756585,7.344039184412705,4.2368493841816966e-05,40
8670,2.7118764479152926,7.030004006020263,4.0544772012894954e-05,30
8680,3.1735013579498834,8.84281410125049,4.6532706350722996e-05,20
8690,4.562647785261425,15.523910250580672,5.2051481294187895e-05,10
8700,4.994032954940894,16.553685827176142,4.954596016375348e-05,0
